0.6112996978235046, 0.6386757335479851, 0.6651745548527366, 0.6907421417552726, 0.7153234442019247, 0.7388759522647206, 0.7613584573200365, 0.7827298693747364, 0.8029593107362984, 0.8220175869698645, 0.8398808438237513, 0.8565268226002312, 0.8719375040697175, 0.8861017782699445, 0.8990117221370753, 0.9106583282181235, 0.9210461245388464, 0.9301665070462324, 0.9380355852057578, 0.9446603935021605, 0.9500456073615746, 0.9542116840269879, 0.9571752430052873, 0.9589592225514281, 0.9595810424277094, 0.9590673262676344, 0.9574492830820827, 0.9547524830623395, 0.9510164097894984, 0.9462657010319271, 0.9405212872796618, 0.9338591274458086, 0.926271739207988, 0.9178311044810181, 0.9085584617943683, 0.8984995905577513, 0.8876939739494167, 0.8761808564527422, 0.8640085210938127, 0.8512103858633742, 0.8378323067379139, 0.8239129908116904, 0.8094952004923135, 0.7946233910463842, 0.7793363985447597, 0.7636573634149597, 0.747649533522277, 0.731339324467343, 0.7147682631074623, 0.6979699514590267
0.6323622613006012, 0.6595171861058571, 0.6857324014762103, 0.7109914271050632, 0.7352740184708386, 0.7585681248001785, 0.780886196069412, 0.8022308037639903, 0.8226055936559149, 0.8419681224986979, 0.8602066692672006, 0.8772383935989998, 0.8930234437608817, 0.9075443961101879, 0.9207906916648527, 0.932754081263309, 0.9434311530255961, 0.9528356979035815, 0.9609563719875123, 0.9678147843207752, 0.9734145551633349, 0.9777731506824052, 0.9809025536841114, 0.9828312170972371, 0.9835810618590504, 0.9831767997204999, 0.9816346635773394, 0.9790093259910106, 0.9753065737260496, 0.9705733671626557, 0.9648419805286945, 0.9581458838140193, 0.9505270609242578, 0.9420195133906484, 0.9326698120614827, 0.9225117337213788, 0.9115907506483767, 0.899943940196354, 0.8876159586346484, 0.874650190372269, 0.861085465557009, 0.8469649150237597, 0.8323293506064964, 0.8172085590815561, 0.8016858707639178, 0.7857583976225451, 0.7694777894913507, 0.7528865350788214, 0.7360200771784555, 0.7189184661433856
0.6696657433578954, 0.6992163634446529, 0.727599935429633, 0.7547663822502795, 0.780664108129745, 0.8052604052802668, 0.8285264918502646, 0.850428219427287, 0.8709502334119836, 0.8900801193967869, 0.9078103873223364, 0.9241349160796846, 0.9390515906109904, 0.9525738063175844, 0.9647121186685261, 0.9754730252384629, 0.984875268584176, 0.9929538503641755, 0.9997130423997849, 1.0051953742949111, 1.009426518598171, 1.0124386663613025, 1.0142644271477117, 1.0149359528813928, 1.0145083578090617, 1.0130172910724484, 1.010482964795468, 1.0069091028753956, 1.0023394188885213, 0.9968182702782293, 0.9903828544157864, 0.9831124679082652, 0.9750492825588815, 0.9662250676322168, 0.95662756716892, 0.9462531466211956, 0.9351343847984905, 0.9233014048781616, 0.9107756200047925, 0.8976057867227212, 0.8838290642538018, 0.8694863490922256, 0.8546166326858629, 0.8392690425470821, 0.8234720750649558, 0.8072677900226255, 0.790711374245709, 0.7738349746927966, 0.7566642260661913, 0.7392572530884154
0.6933399024483382, 0.7251903831350903, 0.7558954723876239, 0.7853869555458992, 0.8136007298300703, 0.840488502183673, 0.8660003532291007, 0.8900966128668895, 0.9127475023759919, 0.9339259298432943, 0.9536054920643364, 0.9717770822511751, 0.9884250068973124, 1.0035483277108055, 1.0171400435631446, 1.02921173897104, 1.0397680114750312, 1.0488202305098202, 1.0563900504129, 1.062498493784073, 1.067162367702914, 1.0704196040752185, 1.072300765741411, 1.0728311527583063, 1.0720532383576291, 1.0700101458082036, 1.0667442130686648, 1.062286973594806, 1.056699422411528, 1.0500265818338148, 1.0422978115346044, 1.0335858860238352, 1.0239340174038691, 1.0133821263783727, 1.0019896525945393, 0.9898077662759199, 0.9768845863982483, 0.9632816237649005, 0.949030146327976, 0.9341971537074043, 0.9188285588315717, 0.9029611573110081, 0.8866651256752753, 0.8699577127867695, 0.8529101210911456, 0.8355496925259764, 0.8179006484586164, 0.8000116624253444, 0.7818740125683412, 0.7635280305510665
0.7083195183332718, 0.7417975635476814, 0.7741732042182772, 0.8053679455812395, 0.835315376765255, 0.863954496828744, 0.8912330837799267, 0.9171015068524744, 0.9415204115437943, 0.9644564206619508, 0.985877552277687, 1.005764900478911, 1.0240958598130971, 1.0408600395776775, 1.0560493675353406, 1.0696610323401181, 1.0816975732945942, 1.0921628329006925, 1.1010704269732754, 1.1084377369033662, 1.1142816466658934, 1.1186219854533164, 1.1214923082325017, 1.1229200163135848, 1.122936126561525, 1.12158226968951, 1.1188945076022536, 1.1149131057903778, 1.1096850456331664, 1.1032535242568189, 1.0956670983960883, 1.0869701924823802, 1.0772230619305363, 1.0664665603063384, 1.054765366464328, 1.042162616314533, 1.0287030538347723, 1.0144724210195717, 0.9994945379230922, 0.9838309967677636, 0.9675349926958319, 0.9506587278228906, 0.9332598237754359, 0.9153870627946219, 0.8970827367138181, 0.8784031914800297, 0.8593882726466253, 0.8401075356500556, 0.8205725675116042, 0.8008529952085786
0.7183733031282111, 0.7530303075072862, 0.7866316898186492, 0.8190895100652575, 0.8503300826271332, 0.8802888139139107, 0.9089042145273041, 0.9361292591536987, 0.961913731215998, 0.9862246231889786, 1.0090257334722414, 1.03028568891121, 1.049989073538108, 1.0681128515364255, 1.0846441549914658, 1.0995767079711296, 1.1129067779576554, 1.1246366588586625, 1.1347730648388596, 1.1433256394027032, 1.1503159669361933, 1.155752867554237, 1.159667978083056, 1.162080578759789, 1.1630301042332016, 1.1625410340771962, 1.1606530197659142, 1.1574053800789912, 1.1528407757245898, 1.1469987925596152, 1.1399299931470877, 1.1316814641100272, 1.1222893057922576, 1.1118339586175061, 1.100345851964211, 1.0878736193193221, 1.0744819042352551, 1.060215682300738, 1.0451497178050833, 1.0293139064341243, 1.0127740327117474, 0.9955845272350574, 0.9777972191937341, 0.9594378308773983, 0.9406580621754657, 0.9213967851825062, 0.9017483115519678, 0.8817589601425952, 0.8614648938704894, 0.8409337779152901
0.7254403632972508, 0.7609612710375853, 0.795467139927247, 0.8288751964780268, 0.8611114044544212, 0.8920977671698624, 0.9217679391035833, 0.9500633780100776, 0.976932402438047, 1.0023327908829325, 1.026226184981697, 1.0485930166241015, 1.0693993849978662, 1.0886279908716494, 1.106259729424802, 1.1222868161050918, 1.1367004690440368, 1.1494979468072533, 1.1606874658347053, 1.1702708047709205, 1.1782636796838855, 1.1846800321890987, 1.189540148668745, 1.1928671789929437, 1.1946886438999194, 1.1950352249409697, 1.193943521127614, 1.1914433172873542, 1.1875809989469968, 1.1823947229045935, 1.1759315967244444, 1.1682298462737712, 1.1593457329586716, 1.1493228608802388, 1.1382215270971843, 1.126083191663449, 1.1129669160808708, 1.0989210052973508, 1.0840044974343845, 1.0682631593193852, 1.0517717894274092, 1.0345520166943487, 1.0166913699557183, 0.9982241215474827, 0.9792058774721584, 0.9597088912581357, 0.9397398839641715, 0.9193970457752014, 0.8987026826902831, 0.8777302168652454
0.7305501993681887, 0.7667373337118972, 0.8019426236002678, 0.836075899078252, 0.8690656756636956, 0.9008373980557485, 0.9313293885409513, 0.9604828668713425, 0.9882398954307874, 1.0145478313344256, 1.039358157074199, 1.062633988367998, 1.0843505572259646, 1.1044872356139566, 1.1230339119248764, 1.1399713428343325, 1.15529355132269, 1.1689978724626657, 1.1810811449822411, 1.1915482145473266, 1.2004136621667305, 1.207682535661812, 1.2133794543354606, 1.2175251650128542, 1.2201375995303794, 1.2212528751590455, 1.2209006179982334, 1.2191142633888976, 1.2159273605348702, 1.2113853550884963, 1.2055279341879759, 1.1983988400469308, 1.1900416907547395, 1.1805097122438903, 1.169845197599959, 1.1580988513975292, 1.1453223655764608, 1.131571525989349, 1.1168808542407058, 1.101349273791075, 1.0849796258471596, 1.0678618637968569, 1.0500350329207917, 1.0315630408566552, 1.012493433567557, 0.9928818856548824, 0.9727809883948915, 0.9522476691694406, 0.9313280481025856, 0.9100739409505021
0.734288303588845, 0.7710052559826597, 0.8067645608178786, 0.841479544903124, 0.875070976651033, 0.9074663930797318, 0.938600458208521, 0.9684164845763412, 0.9968577926345326, 1.0238805962110895, 1.049441591870683, 1.073503005055021, 1.0960195882605, 1.1169505540811402, 1.1362799485348765, 1.1539891656751768, 1.1700837815525924, 1.184556955435033, 1.1974097948365223, 1.2086449751135673, 1.2182657483153827, 1.2262882639359267, 1.2327258506137762, 1.2375981337623783, 1.2409285444405578, 1.242741535343736, 1.243064796720521, 1.2419318738993228, 1.2393768909438645, 1.2354369730221935, 1.2301436696937262, 1.2235525012298023, 1.2156928975528105, 1.2066099912142505, 1.1963692052520392, 1.1850033745171862, 1.1725713915529887, 1.1591230255479532, 1.144713258847469, 1.1293976218719273, 1.1132309256379127, 1.0962589185671163, 1.0785524710771792, 1.0601658421864304, 1.041145231715026, 1.0215463786280017, 1.0014238861806701, 0.9808282882169976, 0.959814938265299, 0.9384310667767259
0.7370082291933029, 0.7741538868351991, 0.8103649915662627, 0.8455533695519515, 0.8796375966346943, 0.9125437191079575, 0.9442082616759713, 0.9745664927223725, 1.003568647954486, 1.0311636062979481, 1.0573071609391231, 1.0819662405022745, 1.1051056021056018, 1.1266989780422545, 1.1467216826370938, 1.1651468843700634, 1.1819420824307363, 1.1970894566297776, 1.2106070091011754, 1.2225060120819506, 1.2327933911979043, 1.2414780542819948, 1.2485722327595479, 1.254093114997521, 1.2580625470249815, 1.2605036734826793, 1.2614407060621309, 1.2609008576890597, 1.2589152003392439, 1.2555161991521864, 1.250744726142691, 1.2446418905624004, 1.2372467102002656, 1.2286030375691928, 1.2187690804484372, 1.2077909955729496, 1.1957209701472866, 1.182615026340713, 1.168498750569821, 1.1534605640562612, 1.1375298973644687, 1.120770052893592, 1.1032356808794583, 1.08497678286908, 1.0660551430184446, 1.0465183013140056, 1.0264271388759987, 1.0058255942564571, 0.984777319818523, 0.9633192626513507
0.7389121296411121, 0.7764261304237312, 0.8130180341331972, 0.848599472142717, 0.883093699582199, 0.9164277622089534, 0.9485337997100585, 0.9793494864731507, 1.0088197139371937, 1.03689534286538, 1.0635315475766038, 1.0886905203875852, 1.1123381326208994, 1.1344466293447608, 1.1549931851894542, 1.1739586720363757, 1.1913303849965144, 1.2070949164793978, 1.2212428528049681, 1.2337546142530442, 1.244622164328871, 1.253888263825906, 1.2615646198802128, 1.2676666815828037, 1.2722151573754825, 1.275226321444201, 1.2767200300668025, 1.2767283820786526, 1.2752704179949461, 1.2723783960572081, 1.2680966739501072, 1.2624688588928192, 1.2555270004910906, 1.2473259270993884, 1.2379051787722126, 1.2273117374087485, 1.2155966687046575, 1.2028114582080853, 1.1890053580040005, 1.174235431122585, 1.158547363512957, 1.1420070716345574, 1.124649990920668, 1.1065555247145529, 1.0877594656030487, 1.0683151749484612, 1.048287773351353, 1.0277232753717023, 1.0066876126270357, 0.9852165589974762
0.7401151475850689, 0.777947813875639, 0.8148749123806791, 0.8508051669300434, 0.8856545990435398, 0.9193512201416478, 0.9518331666570417, 0.9830370017422343, 1.0129069749488444, 1.0413926887921585, 1.0684473128921628, 1.094035515624098, 1.118119982583078, 1.140670531194262, 1.161662625676132, 1.1810797885308064, 1.1989047256657717, 1.2151283288913302, 1.2297455876136327, 1.2427564068028563, 1.2541594182722022, 1.2639570772434672, 1.2721503178259947, 1.2787728133952063, 1.2838442724678494, 1.287377921463582, 1.289392879685546, 1.2899124089810545, 1.2889540469125818, 1.2865624753764635, 1.2827604830049308, 1.2775903722525808, 1.2710903322676579, 1.2633022368227884, 1.2542726917352596, 1.2440513243315223, 1.2326855148429878, 1.2202207742488236, 1.2067129828231016, 1.1922151983994853, 1.1767831612888422, 1.1604631855214986, 1.1433165383173156, 1.125388923881168, 1.106741552858689, 1.0874310433590697, 1.0675003161907828, 1.047010838124665, 1.0260211544305626, 1.0045749272817286
0.7406867295861099, 0.7788006484021466, 0.8160237153593304, 0.8522619006168082, 0.8874335234702198, 0.921461672937534, 0.9542771237482732, 0.9858165793204519, 1.0160317204717124, 1.0448706261731848, 1.0722913601118647, 1.0982493285840604, 1.1227107155851952, 1.1456426171325997, 1.16702545125447, 1.18683417022278, 1.2050546422886148, 1.2216762624003188, 1.2366913501206849, 1.2500994519814093, 1.2619040464151867, 1.2721151949693414, 1.2807471372129564, 1.2878105806535043, 1.2933276878825906, 1.2973167609953213, 1.2997987917628917, 1.3007893502143038, 1.3003143545662352, 1.2983910723187986, 1.2950555740029, 1.2903321195882818, 1.2842638143632943, 1.2768886705682805, 1.268249587833857, 1.2583980226767908, 1.247376563905874, 1.235247269947216, 1.2220480319059916, 1.20783488132402, 1.1926595977012235, 1.1765778707955965, 1.159650274589601, 1.141917390368298, 1.1234371270203551, 1.1042697069343888, 1.0844659321531998, 1.0640776984321185, 1.0431594359298701, 1.0217669954445583
0.740647565512333, 0.7790256184846287, 0.8165180670762773, 0.8530354007156378, 0.8884960531527488, 0.9228229589121018, 0.9559463569969298, 0.9878026945607425, 1.0183323699318994, 1.0474832769856786, 1.0752219575152377, 1.1015036005716627, 1.1262961692303595, 1.1495662321138154, 1.1712895894972224, 1.1914433665107609, 1.2100145270443532, 1.2269918035740197, 1.242367792589608, 1.256141098570522, 1.2683125298076545, 1.2788896737313946, 1.2878802040541135, 1.2953013916093532, 1.301170676900088, 1.3055087948731137, 1.3083455119877332, 1.3097058563468273, 1.3096197306516153, 1.3081187481377547, 1.3052133476075198, 1.300925152060322, 1.295282946654777, 1.2883216130095905, 1.2800845474826144, 1.2706128455598638, 1.2599587802431893, 1.2481651311255124, 1.2352865743071524, 1.221372822488913, 1.2064751447211277, 1.1906485410786658, 1.1739433667877908, 1.156426359482336, 1.1381365247206094, 1.1191361433077445, 1.0994710635029428, 1.079213529659949, 1.0583984314318897, 1.0370882867845328
0.7399853680793154, 0.7786205959540462, 0.8163723213958045, 0.8531542511334829, 0.888883469513881, 0.9234858068181291, 0.9568914157563642, 0.989036379195988, 1.019862616161494, 1.049317631290327, 1.0773515044232855, 1.1039260615061357, 1.1290108247591224, 1.1525825635931284, 1.174613451556275, 1.1950799158162733, 1.2139647683118886, 1.2312605883563519, 1.2469548249643525, 1.2610460664490075, 1.2735353469425679, 1.284428477770322, 1.2937354070618348, 1.3014700342847814, 1.3076496358763015, 1.3122963962901784, 1.3154332907893194, 1.317090843187259, 1.3172977484491986, 1.3160919456574218, 1.3135124333993096, 1.3095821718586285, 1.3043342214509188, 1.2977754966474517, 1.2899363159698964, 1.280858358162603, 1.2705787306486958, 1.2591435690964854, 1.2465997611459052, 1.2330079206838107, 1.2184048060002022, 1.2028587135197215, 1.1864119780211535, 1.1691192169044458, 1.151044010973946, 1.1322364600688388, 1.1127460137087608, 1.092630259742732, 1.0719451280781378, 1.0507398953697047
0.7386584013146127, 0.7775594800299839, 0.815573013037227, 0.8526143893082665, 0.8886050733587565, 0.9234696075108619, 0.9571423685691709, 0.9895585707674917, 1.020660134659809, 1.0503948404284253, 1.0787144916682552, 1.1055762787167405, 1.13094306540581, 1.1547894763456963, 1.1770969454996, 1.1978403184510524, 1.217005716954728, 1.2345789059028176, 1.2505561851319555, 1.2649297957067, 1.277700267598564, 1.2888757091089866, 1.298461232363386, 1.3064742409390933, 1.312930123184425, 1.3178478904864352, 1.3212529205009202, 1.3231730587736514, 1.3236380480712882, 1.3226846635994, 1.3203490954065868, 1.3166712461248347, 1.3116917895959386, 1.3054485547633554, 1.2979638015103694, 1.2892585779959136, 1.2793550385365924, 1.2682859734020626, 1.2561037838480962, 1.2428438808360003, 1.2285673110638724, 1.2133198539600505, 1.1971563941806291, 1.1801242517449362, 1.162291460489679, 1.1436978901749049, 1.1243855726622707, 1.1044734958956575, 1.0839428826906925, 1.062876647274396
0.7365967340769224, 0.7757914551419649, 0.814082808064569, 0.8513928481493851, 0.8876466816216704, 0.92277226926387, 0.9567044114966281, 0.9893815354866078, 1.0207469488230387, 1.0507466689487783, 1.0793347977133134, 1.10646802554243, 1.1321081471901406, 1.1562220625622004, 1.1787896220219016, 1.1997953513754567, 1.2192176112139554, 1.237044654154344, 1.2532737947900507, 1.2679002602480525, 1.280924642242744, 1.292351023763139, 1.3021875889029166, 1.3104475816092052, 1.31714635989018, 1.322307213766611, 1.3259510357850885, 1.3281048223962308, 1.328801259785516, 1.3280713632810883, 1.3259549399799875, 1.3224907768176717, 1.3177193968198813, 1.3116852046863938, 1.3044349501838113, 1.2960112351857749, 1.2864301035067864, 1.2757119208134027, 1.2638813986515327, 1.250970459686883, 1.237028466323796, 1.2221051166289936, 1.2062478944967037, 1.189509028547243, 1.1719407147905825, 1.1536034489245965, 1.1345388668759862, 1.1148150023311691, 1.0944742933824285, 1.073575101137589
0.7336877206966106, 0.7732265310273734, 0.8118365118096893, 0.8494415601105718, 0.8859746439400098, 0.9213697837928736, 0.9555650815060668, 0.9885020302933514, 1.020124113728543, 1.0503823690509098, 1.0792292431436588, 1.1066231076865254, 1.132524533149489, 1.156900501414679, 1.1797227832706652, 1.200971030882096, 1.220640947503787, 1.2387156684943639, 1.255183240387673, 1.2700391508321198, 1.2832927408551678, 1.2949453828786588, 1.3050077552940733, 1.3134916247394415, 1.3204119515635808, 1.32579055008501, 1.3296464638228782, 1.3320119728164999, 1.332913005824607, 1.3323860030981116, 1.330466098160029, 1.3271912221983388, 1.322605203924141, 1.316751328157844, 1.3096740915110976, 1.3014244393291161, 1.2920536721265936, 1.2815963448902776, 1.2700730568570942, 1.2574925509837707, 1.243879401676014, 1.2292872825264967, 1.2137456091572254, 1.1973181056934443, 1.1800440065321727, 1.1619809679814201, 1.143180100688106, 1.1236942031356278, 1.1035766697682678, 1.0828812283350917
0.7299116142590307, 0.7697608515456222, 0.8087272662776188, 0.8466798596953558, 0.8835300250082581, 0.9192192384738567, 0.953693642451694, 0.9868991755081566, 1.0187834090735954, 1.049298106696022, 1.0783998766254, 1.1060455620148328, 1.1322009388951404, 1.15683050427738, 1.1799073521934709, 1.201405041801614, 1.2213049461165992, 1.2396091587955809, 1.2563113313951888, 1.2713984560847855, 1.2848704395150614, 1.2967326201452956, 1.3069999701040347, 1.3156869280440588, 1.3228077300606778, 1.3283823528231604, 1.3324333922441918, 1.3349878747297854, 1.3360744173647863, 1.3357288386796808, 1.3339848210417644, 1.3308825366929335, 1.3264601374806144, 1.320766642477654, 1.3138470064339893, 1.3057482603128818, 1.2965226852318033, 1.286219273354666, 1.2748880898148789, 1.2625633198538928, 1.2492524218245382, 1.2349693642727697, 1.219746080253847, 1.2036274433032217, 1.1866567445555853, 1.168878441077216, 1.1503590840836173, 1.131144470870245, 1.1112706245998076, 1.0908034916482148
0.7255993999052182, 0.7655374013859237, 0.8047243270483007, 0.8429934138915867, 0.8802159409650088, 0.9162478938968253, 0.9510356591644973, 0.9845325021651012, 1.0166944162585576, 1.047475696690606, 1.076835277035002, 1.1047346567684713, 1.1311393222222383, 1.1560181115174322, 1.1793416714276646, 1.2010853823341439, 1.2212309853834364, 1.2397620323623828, 1.2566766616137368, 1.2719830374961765, 1.2856753633214648, 1.2977523316835713, 1.3082174872479913, 1.3170919416936044, 1.3243970650202632, 1.3301532980242579, 1.3343809369671042, 1.3371078845642135, 1.338365219635869, 1.3381820558597486, 1.3365965899125936, 1.3336484220741927, 1.3293779290280945, 1.3238303640056834, 1.3170503226001262, 1.3090843902652525, 1.2999882719720306, 1.289807703770581, 1.2786024228210024, 1.2664190635730677, 1.2533126178503347, 1.2392871806946157, 1.2243502050820272, 1.208531758128931, 1.1918652372483578, 1.174389079838802, 1.156155319897004, 1.137215198406814, 1.1176165629420947, 1.0974101357738482
0.7217377204577877, 0.7612358232086063, 0.8002432999383613, 0.8385582978814421, 0.8759749108572423, 0.912348568220291, 0.9475061869868195, 0.9813394476371071, 1.013809310608024, 1.0448787513616011, 1.0745112143923654, 1.1026733812143572, 1.129332277909925, 1.154459401326286, 1.178027354593465, 1.2000131693482725, 1.2203998754430359, 1.239169565237325, 1.256311597310681, 1.2718219249008644, 1.2857184417419347, 1.2980007409744507, 1.3086731244306469, 1.317744263440832, 1.3252255903176309, 1.331149003849469, 1.3355408001883653, 1.3384293001186078, 1.339839087894787, 1.3398084217773611, 1.3383700664645124, 1.3355622668172487, 1.3314291983586752, 1.3260124771923483, 1.3193577921498907, 1.3115152179262894, 1.302534537778663, 1.2924668654850269, 1.2813666042572054, 1.269287983979762, 1.256288948439475, 1.242422146310937, 1.2277092707522153, 1.2121508233856773, 1.195766400730773, 1.178568150749733, 1.1606353955892903, 1.1419696802014077, 1.1226572182270136, 1.1027103629462998
0.7188354070139056, 0.7577004438989885, 0.7961497072877126, 0.8340595153564987, 0.8712882618425235, 0.9076683313077609, 0.9430259749085037, 0.9772217426473713, 1.0100519394255905, 1.0414483150547253, 1.071384007004493, 1.0998298994914872, 1.1267577115658165, 1.1521407864037538, 1.1759582871725973, 1.198187477595039, 1.2188108257321817, 1.2378163994920746, 1.2551909013755003, 1.2709280086351313, 1.285025296276662, 1.2975020031365645, 1.3083691916953448, 1.3176326289274325, 1.32530730130188, 1.331405654354203, 1.3359538454901294, 1.338990651994889, 1.3405464238819356, 1.3406556378741632, 1.339353083834391, 1.3366767237372246, 1.3326666832205412, 1.32737154571974, 1.320832541549053, 1.3131005145866093, 1.304225510260122, 1.2942589434492087, 1.283255548762277, 1.2712697600754295, 1.2583606814205703, 1.2445815752173406, 1.2299912631087926, 1.2146217778923125, 1.198476319588698, 1.1815475961197892, 1.1638908840510105, 1.1455102063823768, 1.126471937241666, 1.1068082241524522
0.7167268715192909, 0.755063433100096, 0.7929171272385735, 0.8302441420598425, 0.8669544592255463, 0.9029459951191567, 0.938101349011637, 0.9722804793502027, 1.0053331778968824, 1.037102114337439, 1.0673864154532922, 1.0961506064552538, 1.1233735489417143, 1.149035166716037, 1.1731150273112236, 1.1955944583132503, 1.2164620185338917, 1.2357023092157773, 1.2533085398491979, 1.2692730598699313, 1.2835941628071064, 1.2962723299173433, 1.307323709474404, 1.316774207083264, 1.3246310674416186, 1.330910584133437, 1.335633755771398, 1.338823037467395, 1.3405177449628205, 1.3407594232492839, 1.3395843014877835, 1.3370298445790434, 1.3331384802401907, 1.3279537159048083, 1.3215222445790564, 1.3138921042490113, 1.3051143717645957, 1.2952397021039408, 1.2843246118110851, 1.2724242736838143, 1.2595943958142897, 1.2458952189967105, 1.2313823337883782, 1.2161086180477083, 1.2001279989984202, 1.1834284878784027, 1.166015548819769, 1.1479093526855388, 1.129139057987282, 1.1097512994396217
0.7151711723504199, 0.7529983644983655, 0.7904068167689857, 0.8272432736570474, 0.8633982653413854, 0.8988411330700332, 0.9335036075612502, 0.967302311534632, 1.0001375518092743, 1.0318909455153786, 1.062431628124033, 1.0915633763673194, 1.1191241760242194, 1.1450933276488593, 1.1694602418492472, 1.1922114447417638, 1.2133340220677162, 1.232819415650721, 1.2506601096297407, 1.2668541938283377, 1.281397109932688, 1.2942949821967362, 1.3055508259675692, 1.3151788011323253, 1.323214161640088, 1.3296688440757096, 1.3345646332985295, 1.337922400233043, 1.339769614465287, 1.3401429755338459, 1.339088940908085, 1.3366529076806035, 1.3328728707504913, 1.3277939748481797, 1.3214634513445027, 1.313929053986306, 1.3052408075844237, 1.2954556134460535, 1.2846225983001904, 1.2727986315336466, 1.2600430443477677, 1.2464147701342894, 1.2319681138588177, 1.2167698774699662, 1.200868849485631, 1.184317727954749, 1.167110947662291, 1.149246537245701, 1.13073821151933, 1.111618822264444
0.7140641622328703, 0.7514651803190597, 0.7883775803327779, 0.8247451331084159, 0.860491277477176, 0.8954766949448798, 0.92961312210854, 0.9628884479681856, 0.9952475335022744, 1.0266250664582337, 1.0569380822179424, 1.0860823431814195, 1.1139285063339184, 1.140253497404137, 1.1649452836074259, 1.1879938985736178, 1.2093952099111336, 1.229142143461332, 1.247232620258865, 1.263662990087564, 1.2784344386510247, 1.2915532484945231, 1.303023588907351, 1.312856464838788, 1.3210651125094346, 1.3276907936732982, 1.332755319816326, 1.336279019483654, 1.3382862740571495, 1.338810741981515, 1.3378860075491836, 1.3355638504405452, 1.3318927248881502, 1.3269164683766332, 1.3206832933571313, 1.3132410438524342, 1.3046409718904144, 1.2949362916568719, 1.2841809670813653, 1.2724303497744245, 1.2597469693059633, 1.2461841124295274, 1.231801754814689, 1.2166664837576482, 1.2008280081128415, 1.1843505352779164, 1.1672870937581257, 1.1496222315399667, 1.1313490469198317, 1.1124870790841141
0.7131169115899212, 0.7502470898955647, 0.7868034469843943, 0.8227390345895396, 0.8580082456585076, 0.8925564882098751, 0.9263052879720668, 0.9591452147399337, 0.9910068158850205, 1.0218737562126812, 1.0517199666724535, 1.0804903387696667, 1.1081154600910867, 1.1345025803377844, 1.1595003083657058, 1.1828881940224303, 1.2046004641213877, 1.2246378080595086, 1.2429962926310454, 1.2596789218178337, 1.2746916532978467, 1.2880379136463098, 1.29972757754914, 1.3097729446711757, 1.3181872056525217, 1.3249869987547402, 1.330213348165282, 1.3338999770554425, 1.3360676666164641, 1.3367461008533859, 1.3359680916781596, 1.333775065750621, 1.3302133738307615, 1.325337936471982, 1.319200391401571, 1.3118490881473912, 1.303334062575157, 1.2937094328725651, 1.2830288204052147, 1.2713520707522354, 1.2587324992759994, 1.2452344500203658, 1.230915610460368, 1.2158379103085988, 1.2000628240539468, 1.183648721731461, 1.166654954663188, 1.1491285190720637, 1.1310593630213388, 1.1124324975655338
0.712112987795483, 0.7490904340925022, 0.7854266592891621, 0.8210684533902937, 0.855966288824618, 0.8900818664196608, 0.923366902644986, 0.9557911695446188, 0.9872693948937243, 1.0177257414267737, 1.0470956021126492, 1.0753669640244992, 1.1025322656040686, 1.128549946518837, 1.1533605979881303, 1.1768634333627475, 1.1988941961843373, 1.2192539546416805, 1.2379112718541716, 1.2548725109244971, 1.27014320342988, 1.2837325573390075, 1.29565347076288, 1.3059188014642045, 1.314543239100546, 1.3215471486542576, 1.326950174792647, 1.3307923972250792, 1.3331178373664025, 1.3339516615511782, 1.3333228496406653, 1.3312705743815414, 1.3278359631496262, 1.3230687719393996, 1.3170282585664914, 1.3097664648753318, 1.3013368319885386, 1.2917918677712938, 1.2811886698280386, 1.2695801215162614, 1.2570302422197885, 1.2435949732208584, 1.229335819204742, 1.2143158493310633, 1.1985981169139333, 1.1822452131317478, 1.165313292078948, 1.1478658334885319, 1.1299445566319246, 1.1115210728503637
0.7109126595397148, 0.7478154238947967, 0.7840286686283351, 0.8194878923180111, 0.8541409952000611, 0.8879416228422778, 0.9208559243204109, 0.952844599211204, 0.9838752459660753, 1.0139195232095517, 1.0429062233699549, 1.0707792927693154, 1.097488854888228, 1.1230153820267317, 1.1473716572070147, 1.1705281683040294, 1.192431760651905, 1.2129467166315697, 1.2319270193061014, 1.2491973101015343, 1.264754105693819, 1.278611144757166, 1.2907802671381159, 1.3012787369878973, 1.3101244098488545, 1.31733941470769, 1.3229441727401436, 1.3269659583460856, 1.3294433559325949, 1.330429966362546, 1.3299528810810477, 1.3280453833733548, 1.3247475648556026, 1.320106509876057, 1.314170253145722, 1.3070040860568692, 1.2986613413648493, 1.2892001565251343, 1.278671550340051, 1.267138351393875, 1.2546547978171079, 1.2412835457816485, 1.2270885367407072, 1.2121263962444928, 1.1964661250266353, 1.1801703740344243, 1.1633029408700954, 1.145921398461292, 1.128090588359707, 1.1098337200018094
0.7093595157098598, 0.7462885641426302, 0.7824565845996885, 0.8178149457333372, 0.8523164553517226, 0.8859147848933482, 0.9185641211214062, 0.9502290184810116, 0.9808782529691094, 1.010487220633581, 1.0390355730402563, 1.0664966532458706, 1.0928166092035614, 1.1179487741835628, 1.1418646838912192, 1.1645412338499126, 1.1859978092424015, 1.2062207558744058, 1.2251386179802184, 1.242610012646109, 1.258481406090783, 1.2726323464687326, 1.2850740152273463, 1.2958282014187592, 1.3049121059773645, 1.31234993569021, 1.3181669595274714, 1.3223890479722629, 1.3250471379612705, 1.3261859540162861, 1.3258591790577947, 1.3241000577971587, 1.3209451560702092, 1.3164356727259507, 1.3106235305912417, 1.3035598387161889, 1.2953108240808975, 1.285936403329063, 1.275491010102777, 1.2640322943994144, 1.2516199228045473, 1.2383184058459875, 1.2241869480248209, 1.2092888303995926, 1.193687286103292, 1.177452336963757, 1.1606474227589896, 1.1433319197012173, 1.1255738573213634, 1.1074284738592892
0.7074123189796699, 0.7443684396867001, 0.7805639071535699, 0.8159076915852932, 0.8503315524637856, 0.8838055410916921, 0.9162838090376111, 0.9477269672954272, 0.9781008330366587, 1.0073791678063007, 1.0355403979135156, 1.0625668420356371, 1.0884469393147835, 1.1131639310208143, 1.1366762401611838, 1.1589556268204255, 1.1799816794896394, 1.1997382571491118, 1.218242232881109, 1.2354893765231285, 1.2513576918595541, 1.2657547370021058, 1.278498969862821, 1.289533826234842, 1.298877942939038, 1.3065583498307616, 1.3126022098926926, 1.3170393146530763, 1.3198988290623959, 1.3212171146972747, 1.3210421863828765, 1.3194330873097941, 1.3164242653968126, 1.3120564220954805, 1.3063735230199054, 1.2994303651616805, 1.2912844199890143, 1.2820033581893222, 1.271644520263676, 1.2602697230390305, 1.2479357786239165, 1.2347049005264594, 1.2206424150172728, 1.2058112357052364, 1.1902793601101047, 1.1741055927877246, 1.157364213659739, 1.1401186802478325, 1.122435889024013, 1.1043787846852267
0.7050644589790833, 0.7420324227166457, 0.7782448701874882, 0.8136101932374249, 0.848045448493342, 0.8814761134735996, 0.9138524560941645, 0.9451525085119519, 0.9753384898875526, 1.0043802997341222, 1.0322518930698203, 1.0589404546390817, 1.0844291324357345, 1.1087123260434089, 1.1317834246438636, 1.1536354100860393, 1.1742433426274266, 1.1935918911706729, 1.2116707670693598, 1.228470453493049, 1.2440056430325654, 1.2582377968680811, 1.2710468782977875, 1.2823567227783332, 1.291988815455575, 1.2999351006551292, 1.30622640728168, 1.3108939072698238, 1.3139712829621653, 1.3154938175676998, 1.3154989268399273, 1.314040616485924, 1.3111819806376523, 1.3069611078817625, 1.3014187950719744, 1.2946050489377745, 1.2865782638996066, 1.2774008497482638, 1.2671388947107243, 1.2558528470824335, 1.243603329432803, 1.2304545543039405, 1.2164684652198154, 1.2017097026362258, 1.1862496955411181, 1.1701487217223727, 1.1534756059772615, 1.1363059536086348, 1.1187009299694548, 1.1007270184956015
0.7023114229333167, 0.7392737912465535, 0.7754895617137345, 0.8108633368581968, 0.8453070001226184, 0.8787521098613951, 0.9111219050525019, 0.9423606948345595, 0.9724262086183986, 1.0013089706490916, 1.028980158777025, 1.0554182382990787, 1.0806037466239644, 1.1045447885223059, 1.127220903903285, 1.148638053721787, 1.1688021955372658, 1.187710556750221, 1.2053519461119526, 1.2217262712827033, 1.2368346050304773, 1.2506777565098526, 1.2632433373602519, 1.2744381050895397, 1.2842129506167979, 1.2924453039658976, 1.2990096716416195, 1.3039296269652185, 1.307241856219199, 1.3089848350611453, 1.309195713675444, 1.3079180774229497, 1.305214887551788, 1.3011446607961128, 1.2957498466563004, 1.2890767232351363, 1.2811803943369382, 1.272120703012387, 1.2619649667123154, 1.2507794457833112, 1.2386249835180738, 1.2255657067884043, 1.211663219531812, 1.1969879776776313, 1.18160804379451, 1.1655862341845031, 1.1489916906343032, 1.1319002985700388, 1.114379753856559, 1.0964999841691299
0.699146927859144, 0.736088161341919, 0.7722898489858565, 0.8076582667369943, 0.8421032363073353, 0.875547563367526, 0.9079219693332856, 0.9391614735037681, 0.9692097834928513, 0.9980168759900412, 1.0255547806672558, 1.0518203914305575, 1.0767961823902015, 1.1004704574730306, 1.1228402988211785, 1.1439033081758962, 1.1636660370325655, 1.1821371201492044, 1.1993313067719011, 1.2152501590089768, 1.22990074688295, 1.2432965778340916, 1.2554467165969925, 1.2663555528819446, 1.275945082404605, 1.2841379412698704, 1.290919587896881, 1.2961161747137373, 1.2996863205369813, 1.3016679077255207, 1.3021023288270914, 1.3010338907394319, 1.298508176732974, 1.2945995456744077, 1.2893618779732012, 1.282837751581667, 1.275082469158205, 1.266154912651647, 1.2561198003332894, 1.2450458651138314, 1.2329976485056209, 1.2200375368524128, 1.2062342399117876, 1.191648643221825, 1.1763600180488227, 1.1604261786843786, 1.1439239900944385, 1.1269211583150254, 1.1094936553329022, 1.0917135827949123
0.6955648681386064, 0.7324660456523482, 0.7686368754708424, 0.8039828980991146, 0.838414297460095, 0.871849445783301, 0.9042174130494223, 0.9354512036872329, 0.965494085618773, 0.9942946800667398, 1.0218067191766247, 1.0479917422475822, 1.0728242058533661, 1.0963152618746044, 1.11845763653774, 1.1392501058608078, 1.1586966981903526, 1.176806787216628, 1.193594363395885, 1.2090772606771205, 1.223272457557428, 1.2361959003548026, 1.2478692685270385, 1.2583134478635314, 1.2675493893799397, 1.2755417690309665, 1.2821762915782617, 1.28744049063227, 1.291274372581504, 1.2935170446790112, 1.2941951760255401, 1.2933542589489804, 1.2910395641602177, 1.2873082789192418, 1.2822381432652241, 1.275876143565581, 1.2682744237866848, 1.2594902351539066, 1.2495915573116791, 1.238645253711149, 1.2267169098570188, 1.2138706110941078, 1.2001762399828309, 1.1856982567038674, 1.170507803721006, 1.1546734211146674, 1.1382727863059952, 1.1213728965652123, 1.1040503905890784, 1.0863782238833073
0.6915587288318337, 0.7283991903801672, 0.7645233463162455, 0.7998300956457038, 0.834232707314265, 0.8676450123543225, 0.8999936262103461, 0.9312136448269346, 0.9612428852241113, 0.9900284964131716, 1.0175274885034709, 1.0436951888058807, 1.068499378545149, 1.0919098115988737, 1.1139056100728677, 1.1345032244598157, 1.1537133570788196, 1.1715435811012052, 1.1880068311592007, 1.2031210062993694, 1.2169083970661365, 1.2293919019575927, 1.2406009904978132, 1.2505597835230757, 1.2593007958605504, 1.2668563016832337, 1.2732293368600445, 1.2783219316058645, 1.2820765087276218, 1.284506736663996, 1.2854508090022572, 1.2848567582735253, 1.2827736495976527, 1.2792530999443317, 1.2743642095590806, 1.268178916435133, 1.2607439090130717, 1.2521193682756602, 1.2423723482283169, 1.2315687426144422, 1.2197752667782922, 1.2070592994771019, 1.19348604254135, 1.1791276853123307, 1.1640535482808172, 1.1483393307160101, 1.1320481821512045, 1.1152638469793024, 1.0980594435120983, 1.0805102889692924
0.687116793369511, 0.7238799090792245, 0.7599374479558518, 0.7951896150332951, 0.8295451171704471, 0.862921030944853, 0.8952400058655474, 0.9264339400358406, 0.9564408388718038, 0.9852061556084788, 1.0126823418855526, 1.03882816269991, 1.0636074103105733, 1.086989800638822, 1.1089529731259047, 1.129472567048074, 1.1485303322237295, 1.1661610720100999, 1.182383795874812, 1.1972118033494272, 1.2106697419257255, 1.2227817690228626, 1.233576596607823, 1.2430918342267994, 1.2513614148119565, 1.2584221872406358, 1.2643121992708553, 1.2690562760593087, 1.2726021061204547, 1.2748616300240423, 1.2758526856424544, 1.2755173206654398, 1.2736862779782108, 1.2703998095788194, 1.2657195733339792, 1.2597263419941251, 1.2524775293814727, 1.2440293919830365, 1.2344530780073697, 1.2238083688584407, 1.2121669835621987, 1.1995988974329377, 1.186166014340122, 1.1719405552566862, 1.1570006173512262, 1.1414122173100925, 1.1252529709561356, 1.1085975085476623, 1.0915276242953285, 1.0741170189861071
0.6822251776974726, 0.7188908403769956, 0.7548647126400727, 0.79004594665623, 0.8243412005149438, 0.8576636084072646, 0.8899400761165355, 0.9210971307023561, 0.9510713825187906, 0.979807533284462, 1.0072557481113211, 1.033372169077686, 1.058123155468686, 1.081474860018309, 1.103402043165362, 1.1238882803849952, 1.142914119219606, 1.1604550155484414, 1.176513232412506, 1.1911392420240006, 1.2043507320653646, 1.2161753359762306, 1.226639964447335, 1.2357853342098233, 1.243642412806797, 1.2502577968203834, 1.2556722569944325, 1.2599309383464892, 1.2630741049314969, 1.265077148872722, 1.2658527903278882, 1.2654005966884965, 1.2637521485137517, 1.2607218009434735, 1.2562807081674503, 1.2505000172838878, 1.2434562414931252, 1.2352079268555363, 1.2258203901306306, 1.215357957421217, 1.2038887535585783, 1.1914795228104191, 1.17820460203012, 1.164133518480777, 1.1493404536872518, 1.1339005413636265, 1.1178907660597872, 1.1013859595665876, 1.084463520971929, 1.0672098742014846
0.6768738750537624, 0.713417257709863, 0.7492860181879344, 0.7843776615564062, 0.8185976735094505, 0.8518574313701688, 0.8840761191198139, 0.9151863034181904, 0.9451180964157855, 0.9738152449020125, 1.0012290534067905, 1.0273128513261511, 1.0520288887993354, 1.0753457145699628, 1.097236146624506, 1.1176796845408266, 1.136665222124706, 1.1541780453706973, 1.1701970489127822, 1.1847185623607936, 1.1977591686980524, 1.2093724172411866, 1.2195900437558516, 1.2284430963463642, 1.2359714009460676, 1.2422170016376457, 1.247222875038334, 1.2510380889673307, 1.2537167433126237, 1.2553011984054478, 1.2557881424387674, 1.2551147799077125, 1.253248579083892, 1.250231919876276, 1.2460252706018409, 1.2404948569618224, 1.2336773964619523, 1.2256470939906068, 1.2164678267844087, 1.2062038783660984, 1.1949270328133563, 1.182701879608267, 1.1696054073196631, 1.155704953254653, 1.1410799115399604, 1.1258055916537577, 1.1099618914723388, 1.0936241283479307, 1.0768724570075285, 1.05979345867524
0.671053013999817, 0.7074482058330451, 0.7431875887980288, 0.7781661828198816, 0.8122876511504984, 0.8454671805046852, 0.8776198607683403, 0.9086724844200154, 0.9385549932781094, 0.9672091922739448, 0.9945821296656776, 1.0206277400967672, 1.0453063978758337, 1.0685844335597494, 1.0904353331881378, 1.1108375052391368, 1.129775945642499, 1.1472398435274282, 1.16322517898762, 1.1777162185487686, 1.1907070226820977, 1.2022046422610781, 1.2122407489630653, 1.220877240875188, 1.228151738554197, 1.234105440031473, 1.2387815852394617, 1.2422319325215545, 1.2445061116532043, 1.2456584915650417, 1.2457428828345014, 1.2447654354614732, 1.2426883584388086, 1.2394577623823189, 1.2351173877453823, 1.2297013297975035, 1.2231433905254763, 1.215350077427444, 1.2063946124067622, 1.1963496787417816, 1.1852814167923853, 1.1732600395103434, 1.1603601390868956, 1.1466537022914123, 1.1322164456084662, 1.117129745723095, 1.1014703648433004, 1.0853171052015398, 1.0687599603709925, 1.0518814311700204
0.6647597393533404, 0.7009773434323838, 0.7365558580603508, 0.7713943218110009, 0.8053954334009568, 0.8384704071292699, 0.8705331208525466, 0.9015105624418398, 0.931332352624727, 0.9599358928641726, 0.987264250859865, 1.0132733463942385, 1.0379174487180398, 1.0611608977365252, 1.0829740038997322, 1.103337294976635, 1.1222309547807194, 1.139646623620913, 1.155578705156989, 1.1700267141854965, 1.1829875788891764, 1.1944497941945587, 1.2044266084938275, 1.2129301698524193, 1.220015037658638, 1.225746527064536, 1.2301674113167271, 1.2333251799522769, 1.2352709847188255, 1.2360614438304687, 1.2357496201185567, 1.234401751644107, 1.2320195900271713, 1.228597544023983, 1.2240643239355773, 1.2184733525586555, 1.2118857266378429, 1.204313199152626, 1.1956078243757222, 1.1857925110713303, 1.1749529907820806, 1.1631551330938068, 1.1504697813775753, 1.1369776457181455, 1.1227523443042529, 1.1078719309138236, 1.0924188207449648, 1.0764805079620308, 1.0601348974616913, 1.0434783653742299
0.657999563471936, 0.6940089244985614, 0.7293992537199276, 0.7640665103325848, 0.797917292216507, 0.8308579029797354, 0.8628049835468916, 0.893682740512709, 0.923421169795331, 0.9519542446521498, 0.9792252234291832, 1.0051831275223915, 1.029786981879055, 1.0529960375430205, 1.0747792221104167, 1.0951112499742557, 1.1139737128702238, 1.1313529013658075, 1.1472433487124434, 1.1616428061751112, 1.1745566825167062, 1.185987035799971, 1.1959316677001874, 1.204397635569605, 1.2114075407245908, 1.2169855570101138, 1.2212144023470222, 1.2241471094399587, 1.225834722280264, 1.2263369639969026, 1.2257055332901086, 1.2240052306087517, 1.221293485517438, 1.2175841046215865, 1.212887956219789, 1.2071410914723666, 1.2003824204823648, 1.1926887705937324, 1.1840992241236847, 1.174548568315049, 1.1639518249552108, 1.1523891500761598, 1.1399414260581882, 1.1266811813518665, 1.11268759045854, 1.0980386139533573, 1.0828172980516708, 1.0671112573514616, 1.0510064295474368, 1.0345928912429283
0.6508001237227248, 0.6865735768008969, 0.7217464477032687, 0.7562181920952762, 0.7898893117017494, 0.8226711518655385, 0.8544777094810287, 0.8852305391107516, 0.9148592852692605, 0.9432977445445774, 0.9704886325208362, 0.9963810007011435, 1.020925745705691, 1.0440847966757332, 1.0658237465381761, 1.0861179529545684, 1.1049470490299926, 1.122291670908436, 1.1381492772673907, 1.1525107236476115, 1.165383295653628, 1.1767725175355759, 1.1866916704347519, 1.1951397835166668, 1.2021307002902875, 1.2076866540196072, 1.2118319756290905, 1.214610711046837, 1.2161119241917033, 1.2163941899372261, 1.2155148787271823, 1.213533478041387, 1.2105169050476148, 1.2065229149454764, 1.2015678038329307, 1.19567056688635, 1.1887809926216395, 1.1809373343777567, 1.172201150154252, 1.1626437877979878, 1.1522779318423106, 1.1409777163778294, 1.1287797073848882, 1.1157717011032826, 1.1020300865197745, 1.0876332461505305, 1.0726667724950358, 1.0572175457106816, 1.0413755929680084, 1.0252333457659448
0.6431617578962161, 0.6786741230078341, 0.7136083486525875, 0.7478587597093354, 0.7813290693922772, 0.8139255706512731, 0.845570640313067, 0.876179961000978, 0.9056792543897929, 0.9340103951976344, 0.9611073722944967, 0.9869143059513803, 1.0113931573084551, 1.03449393772941, 1.0561841912517957, 1.0764355864258341, 1.095228958021358, 1.1125422072938456, 1.1283670388988227, 1.1426964350503308, 1.1555359491510924, 1.1668876060843028, 1.1767650388684991, 1.1851851032862726, 1.1921662926265304, 1.1977207148490443, 1.2018642177586392, 1.2046252337138244, 1.206036204463981, 1.206162465203163, 1.2050965324093248, 1.2029005739123804, 1.1996363194534867, 1.1953749294792742, 1.190172653548701, 1.1840450685215185, 1.1770199116893147, 1.1690712179648681, 1.1602121005266444, 1.1505247153154654, 1.1400751960505886, 1.1289215224997582, 1.1169998199262263, 1.1042579434605884, 1.0907864169710129, 1.0766640008235209, 1.0619751764407441, 1.0468083261100434, 1.031255767293949, 1.0154109583867443
0.6350920651743133, 0.6703168342666581, 0.7049831516855569, 0.7389847606603999, 0.7722287964020556, 0.8046211636122118, 0.8360797684759422, 0.8665210508678296, 0.8958781172395449, 0.9240768530726795, 0.9510618252511929, 0.9767783281320748, 1.0011737955887687, 1.0242075652130955, 1.04584315015682, 1.0660503368504077, 1.0848017465655548, 1.1020838660766055, 1.1178801094517912, 1.132189771151582, 1.1450057412389336, 1.1563355759883107, 1.1661859979968359, 1.1745769392617582, 1.1815264862433192, 1.187060722669374, 1.191206961629942, 1.193974512927272, 1.1953988752303202, 1.1955072471361516, 1.1943447505215525, 1.1919940419049393, 1.1885497698814982, 1.1840772870074812, 1.1786438710049918, 1.172309960187241, 1.1650919360168084, 1.1570247441618866, 1.1480923735542703, 1.138310529322327, 1.1277596477113203, 1.1165152935775815, 1.1046470292074124, 1.0921580485653841, 1.078975313560882, 1.0651442252895267, 1.0507549468887403, 1.035895770174637, 1.0206598943826855, 1.0051404597884384
0.6265934828499926, 0.6615024649605603, 0.6958738622015304, 0.7296018481507787, 0.7625946845938962, 0.7947557651436474, 0.8260030754502514, 0.8562582944067652, 0.8854443369765086, 0.9134945326911499, 0.9403503446495334, 0.9659529952646331, 0.9902561244896741, 1.013210560183051, 1.0347809920220463, 1.05493348644264, 1.0736471382011663, 1.090896930265922, 1.106668557846909, 1.1209582788851948, 1.1337588168054662, 1.1450731174439523, 1.1549127761192803, 1.1632902439874666, 1.1702231386438493, 1.1757356539014454, 1.1798558595751665, 1.1826271646067177, 1.1840678857724143, 1.1841973930377154, 1.1830546290051602, 1.1806818378253263, 1.177131839182727, 1.1725131925792054, 1.1669094017426769, 1.1603885479080471, 1.1530119278435436, 1.1447884304741711, 1.1357679626030492, 1.1259418205070144, 1.1153336672772989, 1.104022290304048, 1.0920873193813811, 1.0796026746679663, 1.0666205673686386, 1.0530933845443897, 1.039024822920152, 1.0244960425469545, 1.0095976869935273, 0.9944288598884654
0.6176645879776697, 0.6522297583512824, 0.686277482171957, 0.7197047454422885, 0.7524143692616843, 0.7843192360788604, 0.8153313023130471, 0.8453729222236008, 0.8743677521645994, 0.9022494296319223, 0.9289549625907787, 0.954427388647856, 0.9786147790890842, 1.0014767130372935, 1.0229707603739993, 1.0430618908617557, 1.0617254313173108, 1.0789379933729402, 1.0946838234426037, 1.1089543194446696, 1.1217431155420243, 1.1330532782144616, 1.1428897940463054, 1.1512648302360367, 1.1581987818893724, 1.1637104966020777, 1.1678257407456467, 1.1705866835134335, 1.1720186084440725, 1.17217074769151, 1.1710638401649751, 1.1687284307187538, 1.1652052569214044, 1.160556147615896, 1.154847394702319, 1.1481965472464308, 1.1406829331811057, 1.1323516642335498, 1.123220177422903, 1.1133462762376398, 1.1027275489423838, 1.091395685339057, 1.0794334547822197, 1.0669234066453281, 1.0539487857447378, 1.0405790650923121, 1.0268090927253182, 1.0126290178144144, 0.9980933241289298, 0.983297516850806
0.6083058726849675, 0.6424965961107398, 0.676191400071608, 0.7092874323298917, 0.7416900085131974, 0.7733082148848638, 0.804057485878948, 0.8338577859307206, 0.8626354059431183, 0.8903221515965285, 0.9168550533742916, 0.942174131984558, 0.9662348455934344, 0.9889816862881595, 1.0103842129461942, 1.0304006065638616, 1.049003303645776, 1.0661711476194142, 1.0818849740910714, 1.0961346040614028, 1.1089129486209464, 1.1202202453136136, 1.1300610793127444, 1.1384455572973486, 1.1453876815318953, 1.150916268131141, 1.1550453964011727, 1.1578193830409695, 1.1592591663536824, 1.1594176124266458, 1.1583323697316361, 1.156045300558608, 1.152581133887292, 1.1479838239926359, 1.1423059239490838, 1.1356058657030115, 1.1280051222032634, 1.1195931967199506, 1.1104060471127788, 1.1004740482761992, 1.0898630988347602, 1.0785626067185365, 1.066618373390745, 1.054123641350837, 1.0411692679643751, 1.0278403143629795, 1.0142162204327505, 1.0003355290265743, 0.9861782567188602, 0.9717791944759773
0.5985162970663884, 0.6323036707209715, 0.6656148743501245, 0.6983500612614169, 0.7304132703241768, 0.7617157667181109, 0.7921702153103052, 0.8217046009210849, 0.8502383874423716, 0.8777041026308892, 0.9040370559254756, 0.9291853489741735, 0.9530920929844964, 0.9757097019336438, 0.9969995980739341, 1.01692326284173, 1.0354541771759784, 1.0525646330770666, 1.068238631099204, 1.082461493617748, 1.0952257395786589, 1.1065289976814734, 1.116376808127752, 1.1247731209244396, 1.1317413328162003, 1.1372927875225418, 1.1414544687274706, 1.144251068270984, 1.1457282118780228, 1.1459139236767744, 1.1448538001653104, 1.1425980852979851, 1.139192042023522, 1.13466932178848, 1.1290694236273389, 1.122447031262758, 1.114856706630837, 1.1064074879981893, 1.09719714071678, 1.0872536990716446, 1.0766390691690626, 1.0654131851484285, 1.053552033474654, 1.0411252236389972, 1.0282348772373693, 1.0149779551680398, 1.0014471036920787, 0.9877312914654803, 0.9738991718866457, 0.9599223869676106
0.5883010319656945, 0.621652875135803, 0.6545506025054957, 0.6868927966638552, 0.7185864874095103, 0.749542744630677, 0.7796768248465442, 0.8089109928944582, 0.8371705010212933, 0.8643873290345745, 0.890497622025265, 0.9154454828381162, 0.9391749175733457, 0.961639314129461, 0.9827974392287073, 1.0026124057367118, 1.021053644674268, 1.038093951584118, 1.0537147555259816, 1.067902462375053, 1.0806452614817061, 1.0919433953589373, 1.101796026246042, 1.1102113067779964, 1.1171986607357995, 1.1227830488694304, 1.126987528124629, 1.1298291064651282, 1.1313552318045854, 1.1315903726665342, 1.1305798284047315, 1.128372237774256, 1.1250159006141498, 1.1205647510146957, 1.1150626669778552, 1.1085410168749616, 1.1010570475658312, 1.0926751824176426, 1.083481610744224, 1.0735693369445034, 1.06299393141372, 1.0518222069652774, 1.04009535931716, 1.027808453118106, 1.0150495636589234, 1.0019179371970246, 0.9885179670458717, 0.9749502809390149, 0.9613191722875163, 0.9477017007430417
0.5776674807550028, 0.6105514894898167, 0.6429998193408419, 0.6749178838080905, 0.7062094936878109, 0.736787332270298, 0.7665680816811964, 0.795473558760273, 0.8234302342079545, 0.8503677042200213, 0.8762272399907571, 0.9009463488906233, 0.9244737808294179, 0.9467610761033134, 0.9677665220679952, 0.9874513768168782, 1.0057846673763917, 1.0227373411300569, 1.038293917637338, 1.0524333560018135, 1.0651476332926428, 1.0764316714015347, 1.0862856936983158, 1.0947160813404029, 1.1017354627801046, 1.1073566139471476, 1.1116057010204834, 1.1145036894772886, 1.116086858903362, 1.1163873165265894, 1.1154480048768978, 1.1133104539832637, 1.1100275124521062, 1.1056523289341547, 1.1002398876077608, 1.0938376586344214, 1.0864861650462938, 1.0782362489312893, 1.0691486355221613, 1.0593137014622798, 1.04882407949035, 1.0377432899673398, 1.0261426291474596, 1.0140412246079498, 1.0014739661958707, 0.9885356616476599, 0.9753352871713767, 0.9619721282906362, 0.9485609401901511, 0.9352018537037114
